{
  "version": 2,
  "builds": [
    {
      "src": "index.html",
      "use": "@vercel/static"
    },
    {
      "src": "assets/**",
      "use": "@vercel/static"
    },
    {
      "src": "api/config.js",
      "use": "@vercel/node"
    },
    {
      "src": "server.js",
      "use": "@vercel/node"
    }
  ],
  "routes": [
    {
      "src": "/api/config",
      "dest": "/api/config.js"
    },
    {
      "src": "/start-monitor",
      "dest": "/server.js"
    },
    {
      "src": "/monitor-status",
      "dest": "/server.js"
    },
    {
      "src": "/stop-monitor",
      "dest": "/server.js"
    },
    {
      "src": "/health",
      "dest": "/server.js"
    },
    {
      "src": "/assets/(.*)",
      "dest": "/assets/$1"
    },
    {
      "src": "/",
      "dest": "/index.html"
    },
    {
      "src": "/(.*)",
      "dest": "/$1"
    }
  ],
  "env": {
    "NODE_ENV": "production"
  }
} 